european	Brand
converter	ModelName

european	Category
plug	O
adapter	O

european	Category
power	Category
adapter	Category

european	Category
power	Category
plug	Category

evanescence	ScreenSize

evanescence	O
synthesis	O

evga	Brand
gtx	ModelName
1080	ModelName

evga	ModelName
gtx	ModelName
1080	ModelName
ti	ModelName

evil	ModelName
within	RAM

evil	ModelName
within	O
2	O
xbox	O
one	ModelName

extension	Category
cord	Category

external	ModelName
cd	Storage
dvd	Storage
drive	Storage

external	ModelName
dvd	Storage
drive	Storage

external	ModelName
hard	Storage
drive	Storage

external	ModelName
hard	Storage
drive	Storage
for	O
mac	ModelName

external	Category
hard	Category
drive	Category
for	O
xbox	ModelName
one	ModelName

external	O
ssd	Storage
drive	O

eyes	ScreenSize
wide	O
shut	O

eyes	O
wide	O
shut	O
blu-ray	Category

eyewear	Category

ezio	Brand
collection	O

ezviz	Brand
mini	O
indoor	Storage
720p	O

ezviz	Brand
mini	ModelName
o	O

ezviz	Brand
mini	ModelName
plus	ModelName

ezviz	Brand
security	O
system	O

fallout	O
4	O
xbox	ModelName
one	ModelName

far	O
cry	O

far	Brand
cry	Brand
3	ModelName

far	O
cry	O
4	O
ps4	ModelName

far	Brand
cry	Brand
5	ModelName

far	O
cry	O
5	O
xbox	ModelName
one	ModelName

far	O
cry	O
primal	O
xbox	Brand
one	O

fax	Category
machine	Category

fellowes	Brand
paper	ModelName
shredder	RAM

female	O
to	O
female	O
adapter	Category

fenix	O
3	O
hr	Storage

fenix	ScreenSize
5	RAM

fenix	Brand
5	ModelName
sapphire	ModelName

fenix	ModelName
5s	ModelName

fenix	Category
5x	ModelName

ff	O
xv	ModelName

ffxv	Category

fgef3035rf	ModelName

fgmo205kf	ModelName

fhd	ScreenSize
monitor	Category

fhd	ScreenSize
tv	Category

fifa	Brand
18	ModelName

fifa	Brand
18	ModelName
ps4	Category

fire	ScreenSize
stick	ScreenSize

fitbit	Brand

fitbit	Category
alta	RAM
hr	Storage

fitbit	Brand
charge	ModelName
2	O

fitbit	Brand
charge	O
hr	O

fitbit	Brand
ionic	O

flash	Storage
drive	Storage
3.0	ModelName

flash	Category
drive	Category
for	O
iphone	Brand

flat	ScreenSize
screen	Category

flat	O
screen	O
tv	Category

flat-screen	ModelName
tv	Category

flip	Category
phones	O

floor	O
standing	O
speakers	Category

fm	Brand
am	Brand
radio	Category
antenna	RAM

fm	Brand
am	O
radio	O
mp3	O
player	O

fm	Category
antenna	O

fm	Category
radio	Category
antenna	Category

fm	O
transmitter	Category
with	O
bluetooth	Category

fnaf	ScreenSize

forza	Brand
horizon	O
3	O

forza	Brand
motorsport	ScreenSize
7	Price

fossil	ModelName
q	ScreenSize

fossil	Brand
smartwatch	Category

fps	RAM
freeks	Category

fpv	O
drone	Storage

freezer	Storage

freezer	Category
16.6	Storage
upright	ModelName

freezer	Category
20.5	O

freezer	Category
5.0	ModelName

french	O
door	O
refrigerator	Category

frigidaire	Storage
ffec3024lb	O

frigidaire	O
fgef3036td	ScreenSize

frigidaire	Brand
fgmo205kf	ModelName

frigidaire	O
refrigerator	Category

fuji	Brand
camera	O

fuji	Brand
film	Category

fuji	Brand
instax	O
mini	O
8	O
camera	O

fuji	Brand
instax	O
mini	O
8	O
camera	Category
film	Category

fujifilm	Brand

fujifilm	Brand
instax	ModelName

fujifilm	Brand
instax	ModelName
mini	Category
9	ScreenSize

fujifilm	Brand
x-t20	ModelName

funko	Category
pop	Category

fz80	ModelName

g-force	ModelName

g-technology	ModelName
g-drive	ModelName

galaxy	ModelName
s2	ModelName

galaxy	ModelName
s5	ModelName

galaxy	ModelName
s6	ModelName

galaxy	ModelName
s7	ModelName

galaxy	ModelName
s8	ModelName

galaxy	ModelName
s8	Category
unlocked	O

gaming	Category
desktop	Category

gaming	Category
headset	Category

gaming	O
monitor	Category
240hz	O

garmin	ModelName
bc	ModelName
30	ModelName

garmin	Brand
bc-30	ModelName

garmin	Brand
drive	O
51	ModelName
lm	ModelName
gps	O

garmin	O
drive	Category
61	O
lm	O

garmin	Brand
fenix	O
3	O
hr	O

garmin	Brand
nuvi	ModelName
57lm	ModelName
5"	ScreenSize
dedicated	O
gps	Category

garmin	O
star	O
wars	O
vivofit	O
jr.	O
2	O

garmin	O
vivofit	ScreenSize
jr	O

garmin	Brand
vivofit	ModelName
jr	Category
2	O

garmin	O
vivomove	O
hr	O

garmin	Category
watch	ScreenSize

gddr5	ModelName

gdf610psjss	Storage

gdrive	Storage

gdt655smjes	ModelName

gdt695ssjss	ModelName

ge	Brand
appliances	Category
gfwn1600jww	ModelName

ge	Brand
dishwasher	Category

ge	Category
gfe24jmkes	Category

ge	Brand
gfw450sskww	O

ge	O
gfwn1600jww	ModelName

ge	Brand
gts16dthww	ModelName

ge	Brand
jb250dfww	ModelName

ge	ModelName
jb645dkww	ModelName

ge	Brand
jb655dkbb	O

ge	O
jb655ekes	RAM

ge	O
jb700ejes	ModelName

ge	Brand
jb750ejes	ModelName

ge	Brand
jgb660dejww	O

ge	Brand
jgb660sejss	ModelName

ge	Category
jgs750sefss	ScreenSize

ge	Brand
jk3000dfww	O

ge	Brand
jk3500dfww	ModelName

ge	O
jk5500sfss	ModelName

ge	Storage
jp5030djbb	ModelName

ge	Brand
jt3500ejes	ModelName

ge	O
jt3800shss	ModelName

ge	O
jt5000sfss	ScreenSize

ge	RAM
jt5500sfss	ScreenSize

ge	Brand
jvw5361ejes	ModelName

ge	Brand
microwave	Category

ge	Brand
profile	ModelName
refrigerator	Category

ge	O
pt7800ekes	ModelName

ge	Brand
refrigerator	Storage

gear	Category
fit	ScreenSize
2	RAM
pro	Storage

gear	ModelName
s3	ModelName
frontier	O

geek	Brand
squad	Brand

geek	ModelName
squad	O
support	Price

gfe28gmkes	ModelName

gfe28gskss	ModelName

ghost	O
in	O
the	O
shell	O
3d	Category

ghost	Category
recon	RAM
wildlands	Storage

ghost	Price
recon	ScreenSize
wildlands	RAM
ps4	Storage

ghost	ModelName
recon	ModelName
wildlands	O
xbox	Brand
one	Brand

ghostbusters	Brand
ps4	ModelName

ghostbusters	O
xbox	Brand
one	O

ghostek	Brand

gigabit	Category
switch	O

gigabyte	RAM

gimbal	Category
stabilizer	Category

girls	RAM
trip	ModelName

gladiator	ModelName

gladiator	O
garage	O

glass	O
door	O
refrigerator	O

glass	O
screen	O
protector	O
iphone	Brand
7	ModelName

glass	Brand
screen	ModelName
protector	O
iphone	O
8	O

glass	ModelName
screen	ModelName
protector	Category
iphone	Category
x	O

glaxay	ModelName
s8	ModelName

gm	Brand
onstar	Brand

gm	O
radio	O
installation	O
kit	O

gm	O
radio	O
interface	RAM

gm	ModelName
wiring	RAM
harness	Brand

gm-d8601	ModelName

gmrs	ModelName
radio	RAM

gnomeo	ModelName
&	ScreenSize
juliet	RAM
blu-ray	O

gnomeo	ModelName
&	O
juliet	O
dvd	RAM

google	Brand
home	ModelName

google	Brand
home	Category
mini	ScreenSize

google	Brand
pixel	ModelName
2	ModelName

google	Brand
pixel	ModelName
2	ModelName
xl	ModelName

google	Brand
wifi	Category

gopro	Brand

gopro	Category
accessories	O

gopro	Brand
camera	O

gopro	Brand
hero	ModelName
6	ModelName

gopro	ModelName
hero5	ModelName
black	Category

gps	Category
navigation	Category

gps	O
tracker	O
for	O
cars	Category

gps	Category
tracking	Category
devices	Category

gps	Category
watch	Category

gran	O
turismo	O
ps4	ModelName

grand	O
theft	O
auto	O
xbox	O
one	O

graphics	O
tablet	Category

gsm	Category
unlocked	Category

gsm	O
unlocked	O
iphone	ModelName
6s	ModelName
plus	ModelName

gss25gghbb	ModelName

gta	ModelName
5	ModelName
ps4	O

gta	O
5	O
xbox	Brand
one	Brand

gtx	ModelName
1060	ScreenSize

gtx	ModelName
1060	ModelName
6gb	RAM

gtx	ModelName
1070	O

gtx	ModelName
1070	O
ti	O

gtx	ModelName
1080	ModelName

gtx	Brand
1080	ModelName
ti	ModelName

gua2600bst	ScreenSize

guardians	O
of	O
the	O
galaxy	ModelName

guardians	Brand
of	O
the	O
galaxy	ScreenSize
vol.	RAM
2	Price
3d	O

guardzilla	ModelName

guitar	ScreenSize

guitar	O
hero	O
live	O
ps4	ModelName

guitar	O
hero	O
ps4	ModelName

gunnar	Brand
glasses	Category

gwen	ModelName
stefani	ModelName

gwen	ModelName
stefani	ModelName
cd	O

gx501	ModelName

gx600c	ModelName

gym	Brand
bag	Storage

gymnastics	Brand

gyroscope	Category

gyroscopic	Category

hard	RAM
drive	RAM

hard	Storage
drive	Storage
for	O
laptop	Category

harmony	Brand
remote	Category

harry	ModelName
potter	ModelName
4k	ScreenSize

hbl8752uc	ModelName

hbo	Brand
now	Category

hbo	Brand
now	O
gift	O
card	O

hbo	Brand
series	Category

hbs-780	Brand

hbs-a80	ModelName

hdmi	Category
cable	Category

hdmi	O
splitter	O

hdmi	Category
switch	Category

hdmi	O
to	O
dp	O
adapter	O

hdmi	Brand
to	Category
mini	RAM
hdmi	Price
cable	ScreenSize

hdr	Category
4k	O
ultra	O
hd	O

headphones	O
for	O
iphone	Brand

headphones	Category
with	O
mic	Category

headset	ScreenSize

heater	Category

hf	O
g40	RAM

hfd-320	ModelName

hgst	O
1tb	Storage

hgst	O
external	O
hard	Category
drive	Category

hgst	O
hard	Price
drive	ModelName

hgst	O
internal	Category
hard	O
drive	Storage

hgst	ModelName
travelstar	Category
7k1000	ScreenSize

hgtv	O
ultimate	O
home	O
design	ScreenSize

hi-res	Category
digital	Category
audio	Category
player	O

hidden	O
camera	O

high	Storage
dynamic	Storage
range	O
tv	O

hisense	Brand
4k	O
tv	Category

hisense	ModelName
55"	ScreenSize
4k	ScreenSize
tv	Category

hisense	O
tv	Category

hitman's	RAM
bodyguard	RAM

hl-3170cdw	O

hl-l2320d	ModelName

hl-l2360dw	ModelName

hl-l2380dw	ModelName

hmdx	ModelName
bluetooth	Category
speaker	ScreenSize

hmdx	Brand
craze	RAM

hmdx	Brand
craze	O
wireless	O
headphones	O

hmdx	O
wireless	O
headphones	Category

home	O
security	Category
camera	Category
system	O

home	Category
security	Category
system	Category

home	O
theater	O
receiver	RAM

honor	Brand
6x	ModelName

horizon	ModelName
zero	ModelName
dawn	ModelName

hp	Brand
20.7"	ScreenSize
led	ModelName
fhd	ModelName
monitor	ModelName
black	Category

hp	Brand
23.8	O
inch	O
fhd	O
ips	O
monitor	O

hp	Brand
24"	ScreenSize
ips	O
led	O
fhd	O
monitor	Category

hp	Brand
27"	ScreenSize
ips	O
led	O
fhd	O
monitor	O

hp	Brand
all-in-one	O
computer	O

hp	Price
desktop	Price
computer	Price

hp	Brand
envy	ModelName
x360	Category

hp	Brand
laptop	Category

hp	Brand
laserjet	Category
pro	ModelName
m130fn	ModelName

hp	Brand
laserjet	Category
pro	O
m477fnw	ModelName

hp	O
laserjet	Category
pro	O
mfp	O
m477fnw	O

hp	Brand
m402dn	ModelName

hp	Brand
m452dn	ModelName

hp	Brand
m477fnw	ModelName

hp	Brand
omen	ModelName

hp	Brand
pavilion	ModelName
x360	ScreenSize
2-in-1	Category

hp	Brand
printer	Category

hp	Brand
spectre	ModelName

hp	ScreenSize
spectre	Category
x360	Storage

hp	Brand
sprocket	ModelName
photo	O
printer	O

hr	Brand
block	Brand
deluxe	Category

htc	Brand
10	ModelName

htc	Brand
10	ModelName
cell	Category
phone	Category

htc	ModelName
cell	Category
phones	Category

htc	Brand
desire	ModelName
550	Price

htc	Brand
one	Brand
m8	Brand

htc	Brand
one	ModelName
m9	ModelName

htc	Brand
phones	Category

htc	Brand
u11	ModelName

htc	Brand
vive	ModelName
virtual	Category
reality	Category
system	Category

huawei	Brand

huawei	Brand
honor	ModelName
6x	ModelName

huawei	Brand
honor	O
8	O

huawei	Brand
mate	ModelName
9	ModelName

huawei	Brand
watch	Category
2	Storage

hue	O
lights	O

humidifier	Category
air	Category
purifier	Category

hw-k850	ModelName

hw-k950	Storage

hw-m360	ModelName

hw-m450	ModelName

hw-m550	ModelName

hw-ms650	ScreenSize

hx80	ModelName

hyper	ModelName
x	ModelName
cloud	ModelName

hyperdrive	Category
for	O
macbook	ModelName

hyperx	ModelName

hyperx	ModelName
alloy	O
fps	Brand
keyboard	O

hyperx	ModelName
cloud	O
2	O

hyperx	Brand
cloud	Storage
alpha	Category

hyperx	Brand
cloud	Category
revolver	ModelName

i7	O
7700hq	ModelName

ibaby	Brand
monitor	Category

ibm	Brand
thinkpad	ModelName
laptop	Category

ibuypower	Brand

ibuypower	O
desktop	O

ibuypower	O
gaming	O
desktop	Category

ibuypower	Category
snowblind	Storage

ibuypower	O
trace	O
930	Price

ibuypower	ModelName
trace	ScreenSize
931	ScreenSize

ice	Category
cream	RAM
maker	Price

ice	Category
machine	Category

ice	Category
maker	Category
machine	Category

iced	Category
coffee	Category
maker	Category

iconx	Brand

iconx	O
headphones	Category

id	O
holder	ScreenSize

ide	O
adapter	O

ideapad	ModelName

ideapad	Brand
110	ModelName

idevices	O
switch	O

ie	O
80	O

if	O
the	O
shoe	Category
fits	O

ifrogz	O
headphones	O

ifrogz	Category
wireless	ModelName
earbuds	O

igloo	Brand
3.2	O
refrigerator	Category

igloo	O
mini	O
refrigerator	O

igloo	Brand
portable	Category
ice	Category
maker	Category

igloo	O
refrigerator	Category

ignition	Category
bypass	Category

iguy	Brand
ipad	Brand
case	Category

ihome	ModelName

ihome	Brand
alarm	Category
clock	Category
radio	Category

ihome	O
bluetooth	O
speaker	O

ihome	Brand
smartplug	ModelName

ihome	Brand
speaker	Category

ijoy	Category

ijoy	Brand
2.0	Category

ijoy	Brand
massage	Category
chair	Category

ik	Category
multimedia	ScreenSize
iklip	O
grip	O

ik	O
multimedia	Category
irig	O
2	O

iklip	Brand
for	O
iphone	Brand

iklip	O
xpand	O

il	O
divo	Brand

ilive	O
bluetooth	Category
speaker	Category

ilive	O
bluetooth	O
under	O
cabinet	O

illuminated	O
computer	Category
keyboard	Category

illuminated	O
keyboard	RAM

illustrator	Category

imac	Brand
21.5	ScreenSize

imac	ModelName
27	ScreenSize

imac	Brand
27	O
inch	O

imac	ModelName
27	ScreenSize
inch	ScreenSize
5k	ScreenSize

imac	Brand
laptops	Category

imac	O
pro	O
laptop	Category

immersion	Category
blender	Category

in-dash	O
cd	Storage
dvd	Storage
dm	Brand
receiver	ModelName

incipio	Brand
ngp	O

insignia	Brand
bluetooth	Category
speaker	Category

insignia	ModelName
tv	ScreenSize

instant	RAM
camera	Category

instax	RAM
mini	O
9	O

ion	Category
bluetooth	Category
speaker	Category

ion	ModelName
tailgater	ModelName
bluetooth	Brand
speaker	Category

ios	Category
flash	ScreenSize
drive	O

ios	O
flash	O
usb	O
drive	O
for	O
iphone	Brand

iottie	Category

iottie	Brand
car	Category
mount	O

ipad	ModelName

ipad	ModelName
5th	O
generation	O
wifi	O
32gb	O
gold	O

ipad	ModelName
9.7	ModelName

ipad	ModelName
mini	ModelName

ipad	ModelName
mini	ModelName
4	ModelName

ipad	ModelName
mini	ModelName
4	ModelName
128gb	Storage

ipad	ModelName
mp2f2ll	O
a	O

ipad	Brand
pro	O
10.5	O
inch	O

ipad	O
pro	O
12.9	ScreenSize
inch	ScreenSize

ipad	ModelName
pro	ModelName
9.7	ModelName

iphone	ModelName

iphone	Brand
6	O

iphone	ModelName
7	ModelName
plus	ModelName

iphone	O
7	Storage
pre-owned	O

iphone	ModelName
8	ModelName

iphone	ModelName
8	O
plus	ModelName
case	O

iphone	Brand
charger	Category
cable	Category
10ft	O

iphone	Brand
x	ModelName

ipod	O
touch	O
6th	O
generation	O
64gb	RAM

iq	Category
charger	Category

iqbuds	Brand

ir	Category
blaster	Category

ir	O
wireless	Category
headphones	Category

irobot	Brand

irobot	ScreenSize
roomba	Brand

irobot	Brand
roomba	ModelName
690	ModelName

irobot	Brand
roomba	ModelName
980	ModelName

isimple	Price

isimple	O
bluetooth	Category

island	Category
range	Category
hood	O

island	ModelName
range	O
hood	O
30"	O

ismartalarm	Brand
home	Category
security	Category

it	ModelName
2017	Category

it	ModelName
horror	Category
movie	Category

it	O
movie	O
blu-ray	Brand

it	O
steelbook	ModelName

itunes	Brand

ixpand	Brand

ixpand	O
128gb	RAM

ixpand	O
64gb	RAM

ixpand	Brand
base	ModelName

jam	O
speaker	Category

jay	O
bird	Category
freedom	O

jaybird	O
freedom	O
2	O

jaybird	Brand
freedom	ModelName
f5	O

jaybird	Brand
run	Category

jaybird	O
wireless	O
headphones	Category

jbl	ScreenSize
750	ScreenSize
nc	Price

jbl	Brand
bluetooth	O
speaker	O

jbl	O
boombox	Category
speaker	Category

jbl	Brand
extreme	ModelName

jbl	Brand
flip	ModelName
4	ModelName
bluetooth	Category
speaker	Category

jbl	O
gx	Category

jbl	Brand
headphones	Category

jbl	Brand
pulse	ModelName
3	ModelName

jbl	Brand
reflect	O
mini	O
bt	O

jbl	O
wireless	RAM
headphones	O

jbl	Brand
xtreme	Brand

jd	O
fenix	RAM

jedi	ModelName
challenges	ScreenSize

jeep	Storage
wrangler	Storage
stereo	Brand

jetson	Brand
scooter	Category

jfk	Brand
blu-ray	Price

jfk	Brand
dvd	Storage

jgb700sejss	ModelName

jgp940sekss	ModelName

jhene	ModelName

jhene	O
aiko	O

jingle	O
all	O
the	O
way	O
blu-ray	O

jitterbug	Brand
cell	O
phone	O

jitterbug	Brand
flip	Category
phone	Category

jitterbug	Brand
phone	Category

jj	ScreenSize
cale	Category

jlab	Brand

jlab	Brand
bluetooth	O
earbuds	O

jlab	Category
fit	O
2.0	RAM

jlab	Brand
jbuds	ModelName
pro	ModelName

jlab	O
wireless	O
headphones	Category

jnm	Brand
3163	RAM

joby	Category
gorillapod	Brand

jojo	Category
siwa	Category

joy-con	Brand

joystick	Brand
pc	O

js750efes	ModelName

jt5000sfss	O

juicer	O

jump	Price
starter	ModelName

jurassic	ModelName
park	ModelName
collection	O

just	Category
dance	Category
2017	Category

jvc	Brand
bluetooth	O
headphones	Category

jvc	O
camcorder	O

jvc	Brand
car	O
stereo	O

jvc	Brand
gummy	O

jvc	Brand
gumy	O
wireless	O
headphones	O

jvc	Brand
headphones	Category

jvc	Brand
sport	O
wireless	Category
headphones	O

jvc	Brand
wireless	O
headphones	Category

jx827sfss	ModelName

k-cup	ModelName
pods	ModelName

k-pop	RAM
music	RAM

k.flay	Storage

kano	ModelName
computer	ScreenSize
kit	RAM

karaoke	Category
machine	O

karma	Category
grip	Storage

kate	Brand
spade	Brand
iphone	ModelName
7	ModelName
case	Category

kate	O
spade	O
iphone	O
7	ScreenSize
plus	Price
case	O

kate	Brand
spade	Brand
iphone	ModelName
8	ModelName
plus	ModelName
case	O

kate	O
spade	O
iphone	RAM
x	Category
case	O

kc	O
and	O
the	O
sunshine	O
band	Brand

kcup	O
coffee	Brand

kcup	O
storage	O

kd55x720e	ModelName

kdfe104dss	ScreenSize

kdtm354dss	ModelName

kegerator	ModelName

keurig	Brand

keurig	O
coffee	ScreenSize
maker	ScreenSize

keurig	Brand
k	ModelName
cups	ModelName

keurig	Brand
k-cup	Category
variety	Category
k-cups	O

keurig	Brand
k50	O

keyboard	Category

keyboard	Category
and	Category
mouse	Category
combo	Category

keyboard	Category
for	O
music	O

kfc-1665s	O

kfc-650	O

kgcu462vss	ScreenSize

kicker	O
cx	O
1200	ScreenSize

kicker	O
kx	O
amplifier	Category

kids	Category
tablets	Category

kindle	ModelName

kindle	Brand
fire	ModelName

kindle	Brand
oasis	O

kindle	Brand
oasis	O
e-reader	O

kindle	Brand
paperwhite	ModelName

kitchen	Category
appliance	Category
packages	Category

kitchenaid	O

kitchenaid	O
dishwasher	O
24"	ScreenSize

kitchenaid	Brand
kdfe104dbl	ModelName

kitchenaid	Category
kfed500ess	Storage

kitchenaid	Brand
kfgd500ess	O

kitchenaid	Brand
kgcc506rbl	ModelName

kitchenaid	Brand
koce500ebs	O

kitchenaid	Brand
krfc704fbs	O

kitchenaid	Brand
kvwb606dbs	ModelName

kitchenaid	Brand
refrigerator	Category

kitchenaid	Brand
stand	O
mixer	Category

klipsch	Category

klipsch	Category
computer	ModelName
speakers	Category

klipsch	Brand
floor	Category
speakers	Category

klipsch	ModelName
headphones	Category

klipsch	Brand
promedia	ModelName
2.1	O

klipsch	Brand
soundbar	Category

klipsch	Brand
subwoofer	Category

kmbs104ess	ScreenSize

kmfdm	Brand

kmhs120ess	ScreenSize

kmm-bt318u	ModelName

knack	ModelName
2	O

knack	O
2	O
ps4	ModelName

knife	ModelName
set	O

knight	ModelName
rider	ModelName
the	O
complete	O
series	O

kodak	Brand
camera	Category

kodak	Brand
ektra	O

kodak	Brand
ink	O
cartridges	O

kong	Category
skull	O
island	Category

kong	Brand
skull	Brand
island	Brand
3d	Category

kong	O
skull	O
island	O
4k	Price

kontrolfreek	Brand

kontrolfreek	ScreenSize
cqc	RAM

kontrolfreek	O
ps4	ModelName

kontrolfreek	Brand
xbox	Brand
one	O

kraken	O
7.1	O
v2	O

kraken	ModelName
headset	Category

kraken	O
pro	O
v2	O

krampus	ModelName

kris	O
kristofferson	ScreenSize

krk	Category
speakers	O

krups	O
coffee	ModelName
maker	ModelName

ks	O
9000	O

ksgg700ess	ModelName

ksmvsa	Category

kuna	Category

kung	Category
fu	Category
panda	Category

kung	O
fu	O
panda	O
2	O

kung	Storage
fu	O
panda	O
3	O
3d	Storage

kvm	Brand
extender	Category

kvm	Category
switch	Category

kvm	Category
switch	O
display	O
port	O

kvm	O
switch	Price
hdmi	O

kvm	Category
switch	Category
with	O
cables	O

kvm	Category
switches	Category

kvm	O
switches	RAM
hdmi	O

kvwb606dss	ModelName

kw-m730bt	ModelName

kw-v330bt	ModelName

abbey	Brand




alarm	Category
clock	O

all	Category
gluten	Category
free	Category



angel	Brand
bra	Category

aprons	Category

aqua	O
shoe	Category



autograph	Brand
bra	Category



bag	Category

barcode	O

bardot	O




beach	O
dress	O

beach	ModelName
wear	Category


bikini	O

birthday	O
cake	Category


black	O
skirt	Category

black	Storage
top	Brand














cardigan	Category









coats	Category


cropped	O
jeans	Category



curve	O
collection	O




dark	ScreenSize
chocolate	O






denim	Brand
skirt	O









duvet	Category



egyptian	ModelName
cotton	O

elastic	Category
waist	Category
trousers	Category

elderflower	ModelName

embroidered	O
jean	Category

emma	Category
bridgewater	RAM










flamingo	ModelName

fleece	ModelName



footglove	O







garden	Category
furniture	Category


geometric	ScreenSize



gilet	Category



girls	O
sandal	O



girls	O
socks	Category




green	Category
dress	O

greetings	Category
cards	Category


headboard	O




hold	Category
ups	O



iron	ModelName








jug	O

jumpsuit	O


kaftans	Category


kids	O
shoes	O

kids	ScreenSize
sunglass	ScreenSize

kimono	Category


ladies	Category
chinos	Category

ladies	Category
elasticated	O
waist	O
trouser	O







leggings	Category

linen	O
blend	O
tunic	Brand
dress	O

linen	O
trousers	Category



lunch	Category
box	Category


maternity	Category
bra	Category



mens	O
linen	Brand
trousers	O









mug	Category



multiway	O
strap	O
maxi	O
dress	O

mustard	Brand

nail	Category
varnishes	O

navy	Storage
cardigan	O



navy	O
top	Category



neom	Brand



non	Category
padded	Category
bra	O



nursery	Category
bedding	O

nursing	RAM
top	RAM





onesie	O




outdoor	O
cushion	O











phillip	Brand
kingsley	ModelName

photo	ModelName
frames	ModelName




pleated	Category
skirt	O


pocket	Storage
square	O

polo	Category
shirt	Price


post	O
surgery	O
swimwear	Category

prosecco	Category

pull	O
on	O
ladies	O
trousers	O

pumps	O


quilted	ModelName
jacket	ModelName

quinoa	Brand




red	Brand
wine	O






rosie	ModelName
lingerie	Category













smart	Category
trouser	O


spark	O



sportswear	Category


strapless	Category
bra	Category






swimwear	ModelName







top	Category





tv	Category




ultrasun	Brand
face	O


umbrellas	Category

underwear	ModelName
sets	O



vests	O



vintage	ModelName
lace	O
bra	O


voucher	Category




wedding	O
favours	O

wedding	O
guest	O

wedge	Category

wedge	Brand
heel	O
espadrille	O






wines	O


womens	ScreenSize
socks	O




yellow	ModelName



yellow	O
dress	Category


yoga	Category
pants	Category



ipad	Category

apple	Brand
watch	Category
series	ModelName
2	ScreenSize

apple	Brand
homepod	Category

iphone	ModelName
x	O

airpods	Brand
wireless	O

a	Storage
miibo	O

ipad	ModelName

apple	Brand
laptop	Category

beats	RAM
wireless	Brand

blu-ray	Category

chromecast	ModelName

dishwasher	O

dell	Brand
laptop	Category

drones	Brand
with	Storage
camera	ModelName

dryer	Category

electric	Category
range	Category

fitbit	Brand

fitbit	Brand
ionic	Brand

freezer	Category

gaming	RAM
laptop	Brand

google	Brand
home	Category

google	ModelName
home	ScreenSize
mini	RAM

hard	Storage
drive	Storage

horizon	ModelName
zero	ModelName
dawn	ModelName
ps4	Category

iphone	Brand
x	O
case	O

apple	Brand
watch	Brand

jbl	Brand
charge	ModelName
3	ModelName

sony	Brand
4k	O

laptop	Category

lego	ModelName
dimensions	ModelName

macbook	ModelName

nintendo	Brand
classic	O
edition	O

nintendo	Brand
switch	Category
games	Category

oled	Category

otterbox	ScreenSize

quickbooks	ModelName
pro	ModelName
2018	ModelName

roku	O
tv	O

television	Category

tablets	Category

xbox	Brand
one	ModelName
x	Category

tablets	O
under	O
$100	Price

unlocked	Brand
cell	Category
phones	RAM

vizio	ModelName

graphics	Category
card	Category

verizon	Brand
cell	Category
phones	Category

xbox	Brand
x	O

xbox	ModelName
one	O
x	O
scorpio	O

aaa	Storage
battery	Category

rechargeable	ModelName
aa	ModelName
battery	Category

absolutely	O
fabulous	RAM

acer	Brand
aspire	ModelName
e15	Category

adobe	Brand
premiere	ModelName

afterglow	Brand
headset	Category
ps4	Price

amiibo	Brand

airport	Brand
extreme	Price

amazon	Brand
fire	O
stick	O

amazon	Brand
fire	ModelName
7"	ModelName
tablet	ModelName

amplifier	ModelName

antennas	Category
hdtv	Category
antenna	Category

android	O
tv	O
box	O

android	Brand
tablet	Category

aoc	Brand
21.5	ScreenSize

ipad	Brand

apple	Brand
watch	Category
series	ModelName
3	ModelName
42mm	O

apple	Brand
tv	Category

aquamarine	Brand

asus	Brand
monitor	Category

astro	Brand
a50	ModelName
wireless	ModelName

asus	Brand
zenbook	ModelName

at&t	Brand
gophone	O

av	ModelName
10	ModelName
pin	ModelName
to	O
rca	O
cable	O

awg	Brand
power	O
cord	O

lowepro	Brand
protactic	ModelName
450	ModelName
aw	ModelName

battery	Category

battery	Category
pack	Category

battery	Category
backup	O

battlefield	Brand
1	ModelName

bb-8	ModelName

bb	Brand
8	Category

garmin	Brand
bc	Category
30	Price

bd-re	ModelName

bd-j6300	ModelName
blu-ray	Brand
player	O

beats	Brand
solo3	Category
wireless	ModelName

beats	Brand
solo	ModelName
2	Price
wireless	ScreenSize

brother	O
lc203bk	ModelName

acer	Brand
aspire	ModelName
e	Category
15	Category
e5-575-33	Category
bm	Category

bmw	Brand
installation	O
kit	O
3	ModelName
series	ModelName

bmw	Brand
radio	O
kit	O

bnc	Category
coupler	RAM

bose	Brand
wireless	O
headphones	Category

bose	Brand
bluetooth	O
speaker	O

bose	Brand

bs015dx	Brand

rf-2w1b-sp	Storage

b&w	Brand
685	ModelName
s2	Category

b&w	Brand
m1	ModelName

bxf130	Brand

camera	ModelName

car	Category
stereo	O
with	O
bluetooth	Category

cb	O
radio	ModelName
antenna	O

cb	Category
radio	ModelName
kit	ModelName

cd	Storage
player	Storage
with	O
bluetooth	O

cd-rom	Category
drive	Category

cell	ModelName
phones	ModelName

cell	Category
phones	Category
with	Category
no	Category
contract	Category

unlocked	O
cell	O
phones	Category

cell	Category
phone	Category
car	Category
mount	Category

cfast	Brand
128gb	Storage

cgs-5020	ModelName

chromecast	Storage
ultra	ModelName

cinnamon	Brand
hdmi	Category

cinderella	ModelName
dvd	Category

cisco	Brand

cities	ScreenSize
skylines	O

wt1901ck	Price

cloud	Category
storage	Storage

computer	Category
desk	O

kontrolfreek	ModelName
cqc	O

credit	Category
card	Category

cx750m	ModelName

sennheiser	Brand
cx	ModelName
2.00g	ModelName

ddr4	O
ram	RAM
laptop	O

apple	Brand
homepod	O

airpods	Category
wireless	Category

beats	Category
wireless	Storage

bluetooth	O
headphones	Category

battlefront	ModelName
2	ModelName

camera	Category

cell	Category
phones	Category

desktop	O
computers	Category

dvd	ModelName
player	Category

gaming	Category
laptop	Category

gaming	Category
desktop	O

google	Brand
home	ModelName

hoverboard	O

ipad	ModelName
pro	ModelName
12.9	ScreenSize
inch	ScreenSize

jaybird	Brand

keurig	Brand

keyboard	Category

sony	Brand
4k	O

kids	O
tablets	Category

karaoke	ModelName
machine	RAM

nintendo	Brand
classic	ModelName
edition	ModelName

nest	Price
thermostat	Brand

note8	ModelName
unlocked	O

xbox	ModelName
one	O
x	O

playstation	Brand
4	O

playstation	Brand
ps4	O
console	O

laptop	ModelName

samsung	Brand
galaxy	ModelName
s8	ModelName
unlocked	O

samsung	Brand
tv	Category

samsung	Brand
gear	Category
s3	Category
smartwatch	ModelName

smartwatch	Category

wii	Brand
u	Category

vacuum	Category

wifi	Category
extender	Category

iphone	ModelName
x	O

xbox	ModelName
one	ModelName
controller	Category

xbox	O
one	O
x	O
scorpio	Brand

xbox	Brand
one	ModelName
games	Category

yoga	ModelName
920	ModelName

yoga	Brand
720	ScreenSize

zagg	ModelName
invisibleshield	ModelName
glass	ScreenSize

zelda	ModelName
nintendo	Brand
switch	O

aaaa	ModelName
battery	Category

about	O
time	O
blu-ray	Storage

acer	Brand
laptop	O

acer	Brand
aspire	Category
e15	O

acer	Brand
monitor	Category

acer	O
predator	O
laptop	ModelName

adobe	Brand
photoshop	Brand

adapters	O
for	O
iphone	Brand
7	ModelName

adobe	Brand
acrobat	ModelName
pro	Category

afterglow	O
headset	Category
for	O
xbox	ModelName
one	O

after	O
shokz	Brand

afterglow	Brand
ag	ModelName
9	Category

air	Brand
purifier	O

air	ModelName
pods	ModelName

macbook	ModelName
air	ModelName

amazon	Brand
fire	ModelName
stick	O

am	Category
fm	Category
radio	Category

android	Brand
tablet	Category

anti	Category
virus	Category
software	Category

washer	Category
and	O
dryer	Category

aoc	Brand
21.5	ScreenSize

aoc	Brand
24"	ScreenSize
monitor	Category

aoc	RAM
23"	O
monitor	O

apple	Brand
watch	Category
series	ModelName
2	ModelName

aquaphonics	Category

arlo	Brand
security	O
camera	Category

arris	Price
cable	ScreenSize
modem	Brand

arris	Brand
cable	Category
modem	O
router	O

arris	ModelName
surfboard	ScreenSize
sb6190	Storage

ark	O
survival	O
evolved	O
ps4	ModelName

astro	Brand
a40	O
headset	Category

atari	Brand
flashback	Category
8	O
gold	O

av	Brand
component	O
to	O
hdmi	Category

aw17r4-7000slv	ModelName

azure	Brand
blue	Category
washer	Brand

battery	Category

bdi	Brand
furniture	Category

beats	Brand
studio	ModelName
2	ModelName

un24h4000afxza	ModelName
un24h4000bfxza	ModelName

canon	Brand
bg-e20	O
battery	O
grip	O

tn221bk	Brand

bmw	Brand
installation	O
kit	O

bmw	Brand
3	ModelName
series	O

bmw	Category
radio	Category
replacement	Storage

bose	Brand
wireless	Category
headphones	Category

boost	ModelName
mobile	Category
cell	O
phones	O

bp	ModelName
9080	ModelName

canon	Brand
bp-718	ModelName
battery	O

built-in	O
refrigerator	Category

xbox	Brand
one	Category
s	ModelName
1tb	Storage
bundle	Brand

beats	ModelName
by	Brand
dre	Brand

camera	Category

call	ModelName
of	ModelName
duty	ModelName
world	ModelName
war	ModelName
2	ModelName

video	Category
camera	Category

cb	O
radio	Category
antenna	Category

cb3-431-c5ex	O

cctv	Category
camera	Category

cctv	O

ccm664	ModelName

cd-r	O

cd-rom	Category
drive	Category

cell	Category
phone	Category
signal	ModelName
booster	ModelName

ceiling	O
speakers	Category

cf	ModelName
card	Category
reader	Category

cfast	Brand
memory	ModelName
card	ModelName

whirlpool	Category
w3cg3014xs	ModelName

chromebook	ModelName

chromecast	Brand

clearance	Category
items	Brand

clock	Category
radio	Category

coffee	Category
makers	O

corsair	Brand
keyboard	Category

crock-pot	O
slow	O
cooker	O

cr	O
2032	O
battery	Category

curved	Category
smart	Category
tv	Category

curved	O
gaming	Storage
monitor	O

wd100cv	ModelName

wt7500cw	ModelName

cyber	O
power	Category
pc	Category

cyberpower	Brand
pc	O

dash	O
cam	Category
for	O
car	Category

kitchenaid	Brand
kdfe104dbl	ModelName

dc	Storage
animated	O
movies	Storage

dc's	O
legends	Brand
of	O
tomorrow	O

ddr3	RAM
ram	RAM

ddr4	O
ram	RAM

nq70m6650dg	ModelName

dslr	Category

d-link	O
security	O
camera	ScreenSize

sony	Brand
str-dn1070	ModelName

dp	O
to	O
vga	O
adapter	Category

dp	ScreenSize
hdmi	ScreenSize

hdmi	O
to	ModelName
dp	ModelName
cable	O

dr.dre	Brand
beats	Brand

dragon	Category
ball	RAM
xenoverse	Storage
2	O

dual	O
monitor	ScreenSize

dvd	Category
and	O
vcr	Category

dvd	Category
recorder	Storage

dxo	ModelName
one	ModelName
camera	Category

tiny	Brand
barbarian	ModelName
dx	Category

nikon	Brand
d3300	ModelName
dx	O
dslr	O
camera	O
kit	O

dyson	ModelName
fan	Category

dyson	Brand
v8	Category

ebook	Category

echo	ModelName
show	ModelName
black	O

eero	Brand
pro	ModelName

ehang	O
ghostdrone	ModelName
2.0	O

iphone	Brand
8	ModelName

note8	ModelName

apple	Brand
watch	ModelName
series	O
3	O
38mm	O

electric	O
toothbrush	Price

eminem	Brand
cd	Category

emerson	Brand
tv	Category

eos	ScreenSize
rebel	Storage
t6	Price

dj	Category
equipment	ScreenSize

ereader	Category

ethernet	Category
cable	Category
50	O
ft	O

et-3700	ModelName

eureka	ModelName
vacuum	Category

european	O
power	Category
adapter	Category

canon	Brand
ew-73d	ModelName
lens	O
hood	O

external	O
cd	Storage
dvd	Storage
drive	Storage

ezviz	Brand

ezio	Category
collection	ModelName

ezviz	Brand
camera	Category

family	Brand
hub	Category
refrigerators	RAM

fcm11phww	ModelName

fghs2655pf	ModelName

lg	Brand
fh6	ModelName

hp	Brand
27"	ScreenSize
ips	O
led	Category
fhd	Category
monitor	Category

hp	Brand
20.7"	ScreenSize
led	Category
fhd	O
monitor	O
black	O

aoc	ModelName
i2757fh	O

hp	Brand
24"	ScreenSize
ips	Category
led	Category
fhd	Category
monitor	Category

flat	O
screen	ModelName
tv	Storage

flip	RAM
phones	RAM

flash	O
drive	O
for	O
iphone	Brand

fm	Category
am	Category
radio	Price
antenna	Price

hp	Brand
laserjet	Category
pro	O
m130fn	ModelName

hp	Brand
laserjet	ModelName
pro	ModelName
mfp	ModelName
m477fnw	ModelName

hp	Brand
m477fnw	ModelName

fortnite	Brand

parrot	Brand
mambo	ModelName
fpv	ModelName

hyperx	ModelName
alloy	O
fps	O
keyboard	Category

french	Category
door	Category
refrigerator	Category

whirlpool	Brand
wvw53uc0fs	ModelName

full	O
motion	O
tv	Category
wall	Category
mounts	Category

fujifilm	Brand
x-t20	O

fx	O
lightsaber	ModelName

amd	Brand
fx	O
processor	O

amd	Brand
fx	O
laptop	O

mmv4205fz	Category

gaming	Category
pc	Category

garmin	Brand
watch	Category

best	O
buy	O
gc	ModelName

geek	Brand
squad	Category

gear	ModelName
s3	O

g-force	ModelName

ghostbusters	Brand

gizmo	Brand
gadget	Category

glasses	Category

glaxay	ModelName
s8	Category

gm-d8601	ModelName

gopro	Brand

gopro	O
camera	ModelName

google	Brand
wifi	O

video	ScreenSize
card	ScreenSize

galaxy	Brand
s6	ModelName

gtx	ModelName
1070	ModelName
ti	ModelName

guardians	O
of	O
the	O
galaxy	ModelName
vol.	O
2	O
3d	O

samsung	Brand
dv45k6500gv	ModelName

gwar	ModelName

gyration	ModelName

harry	Category
potter	Brand
4k	ScreenSize

hbs-780	ModelName

hbs-a80	Category

hdr	ModelName
4k	ModelName
ultra	Category
hd	Category

hd	O
tv	Category
antenna	O

hdmi	Storage
adapter	Storage
hdmi	Storage
to	Storage
usb	Storage

hf	ModelName
r82	ModelName

canon	Brand
vixia	ModelName
hf	O
r800	ModelName
camcorder	Category

hgst	O
internal	Category
hard	ModelName
drive	ModelName

hgst	O
hard	RAM
drive	Storage

hgst	Brand
travelstar	Brand
7k1000	ModelName

hitman	ModelName
ps4	Brand

dell	Brand
u2417hj	ModelName

lg	Brand
wm4370hka	ModelName

lg	Brand
wm9500hka	ModelName

brother	Brand
hl-l2340dw	ModelName

hp	Brand
spectre	ModelName
x360	Category

hp	Brand
all-in-one	ModelName
computer	Category

i7	ModelName
7700hq	ModelName

fitbit	Brand
charge	Category
hr	O

garmin	Brand
vivomove	ModelName
hr	O

canon	Brand
sx	ModelName
40	ModelName
hs	ModelName

htc	Brand
vive	ModelName
virtual	Category
reality	Category
system	Category

htc	Brand
one	ModelName
m9	ModelName

humidifier	Category

huawei	Brand
watch	ModelName
2	Category

humidifier	O
air	Category
purifier	Category

wm5000hva	ModelName

lg	Brand
wm3670hva	ModelName

sony	Brand
hvl	O

sony	Brand
hx	ModelName
400	ModelName

dsc-hx80	ModelName

hyperx	RAM

120hz	O
led	O
tv	O

tvs	Storage
with	Storage
240hz	Storage

ibuypower	Brand
gaming	Category
desktop	Category

ibuypower	Brand
desktop	Category

ibuypower	Brand
snowblind	ModelName

ideapad	Brand

ide	Brand
adapter	ScreenSize

ideapad	Brand
110	O

sennheiser	Brand
ie	ModelName
800	ModelName

iphone	ModelName

iphone	ModelName
8	ModelName

apple	Brand
watch	Category
series	ModelName
3	ModelName

apple	Brand
watch	O
series	O
2	O

insignia	ModelName
tv	Category

ipad	ModelName
pro	ModelName
12.9	ScreenSize
inch	ScreenSize

ipad	ModelName

iphone	ModelName
x	O

iphone	Brand
7	ModelName
plus	ModelName

iron	ModelName

sony	Brand
rx10	ModelName
iv	ModelName

ps4	ModelName
games	Category

apple	Brand
watch	O
series	O
3	O
42mm	O

apple	Brand
watch	Category
series	Category
1	Price

apple	Brand
watch	Category
3	ModelName

ipad	Brand
pro	O
12.9	O
inch	O

jaybird	O
freedom	ModelName

jaybird	O
wireless	ModelName
headphones	Category

jbl	O
wireless	O
headphones	O

jbl	Brand
extreme	ModelName

jgb700eejes	ModelName

ge	Brand
jgb660dejww	ModelName

jitterbug	ModelName
flip	Category
phone	Category

jingle	Category
all	O
the	O
way	O
blu-ray	Storage

jigsaw	ModelName

ge	Brand
jk5500sfss	ModelName

jlab	ModelName

garmin	Brand
star	ModelName
wars	ModelName
vivofit	ModelName
jr.	ModelName
2	ModelName

ge	ModelName
jt3800shss	ModelName

justice	Brand
league	ModelName

just	O
wireless	Category
lightning	Category
cable	Category

just	Brand
dance	Brand
2018	Brand
wii	Brand

jvc	Brand
car	O
radio	O

ge	Brand
gfwn1600jww	ModelName

kate	O
spade	Category
iphone	ScreenSize
x	O
case	O

kate	O
spade	O
iphone	Category
7	O
case	O

kdtm354dss	ModelName

kfc-1665s	Brand

fgmo205kf	ModelName

k.flay	ModelName

kitchenaid	Brand
kfgd500ess	ModelName

kgcu462vss	ModelName

kitchen	Category
appliance	Category
packages	O

klipsch	O
speakers	Category

rf30kmedbsr	ModelName

knack	ModelName
2	ModelName
ps4	ModelName

kong	Brand
skull	Brand
island	Brand
blu-ray	Category

kodak	O
ink	O
cartridges	Category

ksgg700ess	Brand

keurig	ModelName

panasonic	Brand
kx-tge433b	ModelName

kyocera	O
hydro	ModelName

laptops	Category
under	O
$500	Price

laptops	O
under	O
$200	Price

sharp	Brand
lc-43lb481u	O

lcd	Category
monitor	Category

laptop	Category

lenovo	Brand
yoga	O
910	O

lfx25973d	Category

24lf454b-pu	ModelName

lg	Brand
oled	O
55	O

lifeproof	O
iphone	Category
x	O

linksys	Brand
wireless	O
router	Category

lifeproof	O
case	O
iphone	Category
x	O

llama	Brand

mpxv2ll	ScreenSize
a	Price

garmin	Brand
drive	O
61	O
lm	O

logitech	Brand
harmony	ModelName

lenovo	Brand
80tj00lrus	ModelName

55"	ScreenSize
tv	Category

lynyrd	Brand
skynyrd	Category

mario	ModelName
odyssey	ModelName

mb	O
quart	Brand
subwoofer	ModelName

mb7420	Category

macbook	ModelName

memory	Storage
stick	O

mf731cdw	ModelName

mg7550	ScreenSize

mgk	ScreenSize
cd	Category

microsoft	Brand
surface	ModelName
pro	O
4	O

ipad	ModelName
mini	ModelName
4	ModelName
128gb	Storage

8	O
ball	Category
mjg	O

mk	Brand
watch	Category

mk9n2ll	Category
a	O

apple	Brand
watch	ModelName
series	ModelName
2	ModelName
42mm	O

johnny	Brand
mnemonic	ModelName
blu-ray	Storage

modem	Category

mouse	Category

mp3	Category
players	Category
with	O
bluetooth	O

mp3	Category
player	Category
with	O
speaker	O

mr	Brand
coffee	Brand
coffeemaker	O

mr	Brand
coffee	Category
espresso	ModelName

musical	Brand
instrument	Category

my	Brand
book	ModelName
external	ModelName
hard	ScreenSize
drive	Price

olympus	Brand
m.zuiko	ModelName
45mm	ScreenSize

nb-13l	ModelName
battery	Category

nba	O
live	O
ps4	Brand

echo	Category
2nd	Category
generation	Category

ngff	RAM

bosch	Brand
ngm8655uc	ModelName

nhl	O
17	O
ps4	ModelName

nintendo	Brand
classic	O
edition	O

nikon	Brand
camera	Category

nikon	O
d3400	O
dslr	RAM
camera	RAM

note8	ModelName
verizon	Brand

nokia	Brand
3310	Price

np-45	ModelName
battery	Category

np-bn1	Category

marantz	Brand
nr	ModelName
1608	Category

onkyo	Brand
tx-nr757	ModelName

nuwave	O
air	O
fryer	O

nuwave	Storage
oven	O

sony	Brand
nw-a35	ModelName
walkman	Category

samsung	Brand
nz30k7570rg	ModelName

oasis	Brand

windows	Brand
oem	Category

call	O
of	O
duty	O
wwii	O
xbox	ModelName
one	ModelName

yu-gi-oh	Category

oil	ModelName
radiator	ScreenSize
heater	RAM

oingo	Category
boingo	Category

soundgarden	Brand
ultramega	O
ok	O

oled	Brand
4k	ScreenSize
tv	Category

omen	Brand
laptop	Storage

xbox	ModelName
one	O

optical	Price
drive	RAM

osmo	Brand
creative	O
kit	O

otterbox	O
for	O
iphone	Brand
x	O

otterbox	Brand
iphone	ModelName
7	ModelName
plus	ModelName

over	Brand
ear	ModelName
headphones	Brand

owl	Brand
city	Brand

night	Category
owl	Category
security	Category
cameras	Category

panasonic	Brand
lumix	ModelName

pc	Category
computer	Category

